<?xml version="1.0" encoding="UTF-8"?>
<module version="0.3" type="admin">
	<name>
		<en>Twitter</en>
		<es>Twitter</es>
		<fr>Twitter</fr>
	</name>
	<description>
		<en>Show twitter posts and support general Twitter integration.</en>
		<es>Mostrar puestos twitter Twitter y el apoyo general de la integración.</es>
		<fr>Affiche les messages Twitter et permet l'intégration globale de Twitter</fr>
	</description>
	<required>1</required>
	<is_frontend>0</is_frontend>
	<is_backend>0</is_backend>
	<is_backend_sidebar>0</is_backend_sidebar>
	<controllers>
		<controller name="admin">
			<method>index</method>
			<method>setdefault</method>
			<method>upload</method>
			<method>delete</method>
		</controller>
	</controllers>
	<navigation>
		<admin>
			<new_item href="admin/themes/upload">
				<en>Upload theme</en>
				<fr>Twitter ???</fr>
			</new_item>
		</admin>
	</navigation>
</module>
