<?xml version="1.0" encoding="UTF-8"?>
<module version="0.5" type="content">
	<name>
		<en>Contact</en>
		<es>Comentarios</es>
                <fr>Contact</fr>
                <cn>联系方式</cn>
	</name>
	<description>
		<en>Adds a form to your site that allows visitors to send email's to you without discolosing an email address to them.</en>
		<es>Añade un formulario a tu sitio que permitirá a los visitantes enviarte correos electrónicos a ti sin darles tu dirección de correo directamente a ellos.</es>
                <fr>Ajoute un formulaire à votre site qui permet aux visiteurs de vous envoyer un e-mail sans révéler votre adresse e-mail'</fr>
	</description>
	<is_frontend>1</is_frontend>
	<is_backend>1</is_backend>
        <is_backend_sidebar>1</is_backend_sidebar>
</module>