<?xml version="1.0" encoding="UTF-8"?>
<module version="0.2" type="content">
	<name>
		<en>Categories</en>
		<es>Categorías</es>
                <fr>Catégories</fr>
                <cn>目录</cn>
	</name>
	<description>
		<en>Manage categories for articles, products, services, etc.</en>
		<es>Administra categorías para artículos, productos, servicios, etc.</es>
                <fr>Administre les catégories des articles, produits, services, etc.</fr>
	</description>
	<is_frontend>0</is_frontend>
	<is_backend>1</is_backend>
        <is_backend_sidebar>1</is_backend_sidebar>
	<controllers>
		<controller name="admin">
			<method>index</method>
			<method>create</method>
			<method>edit</method>
			<method>delete</method>
		</controller>
	</controllers>
	<navigation>
		<admin>
			<new_item href="admin/categories/create">
				<en>New category</en>
                                <fr>Nouvelle catégorie</fr>
                                <cn>新建目录</cn>
			</new_item>
		</admin>
	</navigation>
</module>