<?xml version="1.0" encoding="UTF-8"?>
<module version="0.2" type="content">
	<name>
		<en>Services</en>
		<es>Servicios</es>
		<fr>Prestations</fr>
                <cn>服务</cn>
	</name>
	<description>
		<en>Show visitors what services are on offer and allows images to be uploaded.</en>
		<es>Muestra a tus visitantes que servicios ofreces, permitiéndote mostrar información sobre el precio e imagenes.</es>
		<fr>Décrit aux visiteurs quelles prestations sont offertes et permet de charger des images.</fr>
                <cn>给访问者显示我们能提供的服务且允许上传图片。</cn>
	</description>
	<is_frontend>1</is_frontend>
	<is_backend>1</is_backend>
	<is_backend_sidebar>1</is_backend_sidebar>
	<controllers>
		<controller name="admin">
			<method>index</method>
			<method>create</method>
			<method>edit</method>
			<method>delete</method>
		</controller>
	</controllers>
	<navigation>
		<admin>
			<new_item href="admin/services/create">
				<en>New service</en>
				<fr>Nouvelle prestation</fr>
                                <en>新建招生服务</en>
			</new_item>
		</admin>
	</navigation>
</module>
