<?xml version="1.0" encoding="UTF-8"?>
<module version="0.6" type="content">
	<name>
		<en>Comments</en>
		<es>Comentarios</es>
		<fr>Commentaires</fr>
		<cn>评论</cn>
	</name>
	<description>
		<en>Users and guests can write comments for almost anything with built-in captcha support.</en>
		<es>Los usuarios y visitantes pueden escribir comentarios en casi todo el contenido con el soporte de un sistema de captcha incluído.</es>
		<fr>Les utilisateurs et les invités peuvent écrire des commentaires pour quasiment tout grâce au générateur de captcha intégré.</fr>
	</description>
	<is_frontend>0</is_frontend>
	<is_backend>1</is_backend>
	<is_backend_sidebar>1</is_backend_sidebar>
	<controllers>
		<controller name="admin">
			<method>index</method>
			<method>edit</method>
			<method>delete</method>
		</controller>
	</controllers>
</module>
