<?xml version="1.0" encoding="UTF-8"?>
<module version="0.2" type="content">
	<name>
		<en>Newsletters</en>
		<es>Boletines</es>
		<fr>Bulletins</fr>
                <cn>新闻快递</cn>
	</name>
	<description>
		<en>Let visitors subscribe via their email address.</en>
		<es>Deja que tus visitores puedan suscribirse a por medio de su correo electrónico.</es>
		<fr>Permet aux visiteurs de s'abonner avec leur adresse e-mail.'</fr>
                 <cn>允许访问者通过电子邮件订阅网站新闻。</cn>
	</description>
	<icon>newspaper_48.png</icon>
	<is_frontend>0</is_frontend>
	<is_backend>1</is_backend>
	<is_backend_sidebar>1</is_backend_sidebar>
	<controllers>
		<controller name="admin">
			<method>index</method>
			<method>view</method>
			<method>create</method>
			<method>send</method>
			<method>export</method>
		</controller>
	</controllers>
	<navigation>
		<admin>
			<new_item href="admin/newsletters/create">
				<en>New newsletter</en>
				<fr>Nouveau bulletin</fr>
                                <cn>新建新闻快递</cn>
			</new_item>
		</admin>
	</navigation>
</module>
