<?xml version="1.0" encoding="UTF-8"?>
<module version="0.6" type="content">
	<name>
		<en>News</en>
		<es>Noticias</es>
                <fr>Actualités</fr>
                <cn>日志</cn>
	</name>
	<description>
		<en>Post news articles and blog entries.</en>
		<es>Escribe entradas para los artículos y blogs (web log).</es>
                <fr>Envoyez de nouveaux articles et messages de blog.</fr>
	</description>
	<icon>newspaper_48.png</icon>
	<is_frontend>1</is_frontend>
	<is_backend>1</is_backend>
        <is_backend_sidebar>1</is_backend_sidebar>
	<controllers>
		<controller name="admin">
			<method>index</method>
			<method>create</method>
			<method>edit</method>
			<method>delete</method>
		</controller>
	</controllers>
	<navigation>
		<admin>
			<new_item href="admin/news/create">
				<en>New article</en>
                                <fr>Nouvel article</fr>
                                <cn>新建文章</cn>
			</new_item>
		</admin>
	</navigation>
</module>